FileName,Autor,Categoria,GPSLatitude,GPSLongitude,GPSAltitude,GPSImgDirection,CreateDate,Especie_tentativa,Confianza_ID,Estatus_nativo_SG,Clima_referencia
JANELLE_V2_IMG_5744.MOV,Janelle,biotic,"1 deg 20' 19.68"" N","103 deg 52' 26.76"" E",21.883 m,,2026:09:05 05:57:06,,,,"5 sept 2026, 30-33.5C, sin lluvia, despejado (ver species_native_status.md)"
DANIELA_IMG_8401.HEIC,Daniela,biotic,"1 deg 20' 19.52"" N","103 deg 52' 22.09"" E",22.7 m Above Sea Level,166.9786682,2026:09:05 14:26:49,sin fauna en foco,Baja,,"5 sept 2026, 30-33.5C, sin lluvia, despejado (ver species_native_status.md)"
DANIELA_IMG_8334.HEIC,Daniela,biotic,"1 deg 20' 24.26"" N","103 deg 52' 24.84"" E",39.6 m Above Sea Level,302.7345886,2026:09:05 11:23:07,helechos genericos,Baja,,"5 sept 2026, 30-33.5C, sin lluvia, despejado (ver species_native_status.md)"
JANELLE_V1_IMG_5668.JPG,Janelle,biotic,"1 deg 20' 19.54"" N","103 deg 52' 24.40"" E",19.1 m Above Sea Level,258.5543213,2026:09:05 10:49:22,,,,"5 sept 2026, 30-33.5C, sin lluvia, despejado (ver species_native_status.md)"
JANELLE_V1_IMG_5682.JPG,Janelle,biotic,"1 deg 20' 17.16"" N","103 deg 52' 26.87"" E",18 m Above Sea Level,124.8577499,2026:09:05 11:00:04,,,,"5 sept 2026, 30-33.5C, sin lluvia, despejado (ver species_native_status.md)"
JANELLE_V2_IMG_5757.MOV,Janelle,biotic,"1 deg 20' 19.68"" N","103 deg 52' 27.12"" E",26.751 m,,2026:09:05 05:59:00,,,,"5 sept 2026, 30-33.5C, sin lluvia, despejado (ver species_native_status.md)"
DANIELA_IMG_8318.HEIC,Daniela,biotic,"1 deg 20' 17.32"" N","103 deg 52' 26.81"" E",23.9 m Above Sea Level,82.34732053,2026:09:05 10:58:59,Cheilocostus speciosus (jengibre crespo),Media,NATIVA (Critically Endangered),"5 sept 2026, 30-33.5C, sin lluvia, despejado (ver species_native_status.md)"
DANIELA_IMG_8396.HEIC,Daniela,biotic,"1 deg 20' 20.16"" N","103 deg 52' 22.50"" E",21.1 m Above Sea Level,77.46129613,2026:09:05 14:20:24,Antigonon leptopus,Alta,No nativa (Mexico),"5 sept 2026, 30-33.5C, sin lluvia, despejado (ver species_native_status.md)"
DANIELA_IMG_8379.HEIC,Daniela,biotic,"1 deg 20' 19.92"" N","103 deg 52' 25.30"" E",18.6 m Above Sea Level,262.2755432,2026:09:05 14:06:17,Lepironia articulata,Baja-Media,"NATIVA (Critically Endangered, redescubierta 2014)","5 sept 2026, 30-33.5C, sin lluvia, despejado (ver species_native_status.md)"
DANIELA_IMG_8400.HEIC,Daniela,biotic,"1 deg 20' 19.42"" N","103 deg 52' 22.01"" E",15.3 m Above Sea Level,55.31787869,2026:09:05 14:25:47,sin fauna en foco,Baja,,"5 sept 2026, 30-33.5C, sin lluvia, despejado (ver species_native_status.md)"
JANELLE_V2_IMG_5741.JPEG,Janelle,biotic,"1 deg 20' 19.85"" N","103 deg 52' 26.84"" E",21.8 m Above Sea Level,,2026:09:05 13:57:17,,,,"5 sept 2026, 30-33.5C, sin lluvia, despejado (ver species_native_status.md)"
JANELLE_V2_IMG_5836.JPG,Janelle,biotic,"1 deg 20' 21.10"" N","103 deg 52' 25.72"" E",21.6 m Above Sea Level,264.0700378,2026:09:05 14:30:48,,,,"5 sept 2026, 30-33.5C, sin lluvia, despejado (ver species_native_status.md)"
DANIELA_IMG_8333.HEIC,Daniela,biotic,"1 deg 20' 23.51"" N","103 deg 52' 25.99"" E",8 m Above Sea Level,14.1231327,2026:09:05 11:21:11,sin especie identificable (dosel),Baja,,"5 sept 2026, 30-33.5C, sin lluvia, despejado (ver species_native_status.md)"
JANELLE_V2_IMG_5835.JPG,Janelle,biotic,"1 deg 20' 21.10"" N","103 deg 52' 25.72"" E",21.4 m Above Sea Level,263.8522034,2026:09:05 14:30:47,,,,"5 sept 2026, 30-33.5C, sin lluvia, despejado (ver species_native_status.md)"
DANIELA_IMG_8329.HEIC,Daniela,biotic,"1 deg 20' 21.42"" N","103 deg 52' 25.99"" E",32.6 m Above Sea Level,199.1622163,2026:09:05 11:10:17,Russelia equisetiformis,Alta,No nativa (Mexico/Guatemala),"5 sept 2026, 30-33.5C, sin lluvia, despejado (ver species_native_status.md)"
DANIELA_IMG_8407.HEIC,Daniela,biotic,"1 deg 20' 16.63"" N","103 deg 52' 23.33"" E",25.8 m Above Sea Level,294.1759336,2026:09:05 14:32:07,flor blanca + hoja variegada sin ID,Baja-Media,,"5 sept 2026, 30-33.5C, sin lluvia, despejado (ver species_native_status.md)"
DANIELA_IMG_8391.HEIC,Daniela,biotic,"1 deg 20' 19.36"" N","103 deg 52' 25.52"" E",22.9 m Above Sea Level,260.4109192,2026:09:05 14:16:01,sin especie clara + enredadera lila no ID,Baja,,"5 sept 2026, 30-33.5C, sin lluvia, despejado (ver species_native_status.md)"
JANELLE_V2_IMG_5834.JPG,Janelle,biotic,"1 deg 20' 21.10"" N","103 deg 52' 25.72"" E",21.4 m Above Sea Level,264.9056704,2026:09:05 14:30:47,,,,"5 sept 2026, 30-33.5C, sin lluvia, despejado (ver species_native_status.md)"
DANIELA_IMG_8411.HEIC,Daniela,biotic,"1 deg 20' 18.68"" N","103 deg 52' 22.25"" E",24.3 m Above Sea Level,80.44372559,2026:09:05 14:34:20,hoja grande sin ID,Baja,,"5 sept 2026, 30-33.5C, sin lluvia, despejado (ver species_native_status.md)"
DANIELA_IMG_8410.HEIC,Daniela,biotic,"1 deg 20' 17.00"" N","103 deg 52' 21.95"" E",22.1 m Above Sea Level,20.90336419,2026:09:05 14:33:30,Duranta erecta (mismo individuo),Media,No nativa (America tropical),"5 sept 2026, 30-33.5C, sin lluvia, despejado (ver species_native_status.md)"
DANIELA_IMG_8390.HEIC,Daniela,biotic,"1 deg 20' 19.40"" N","103 deg 52' 25.52"" E",23.3 m Above Sea Level,263.2120364,2026:09:05 14:15:52,Canna sp.,Baja,No investigable con certeza (falta ID de especie),"5 sept 2026, 30-33.5C, sin lluvia, despejado (ver species_native_status.md)"
JANELLE_V2_IMG_5830.JPG,Janelle,biotic,"1 deg 20' 20.54"" N","103 deg 52' 25.74"" E",22 m Above Sea Level,263.1169126,2026:09:05 14:30:43,,,,"5 sept 2026, 30-33.5C, sin lluvia, despejado (ver species_native_status.md)"
DANIELA_IMG_8328.HEIC,Daniela,biotic,"1 deg 20' 21.49"" N","103 deg 52' 26.18"" E",22.2 m Above Sea Level,176.2342986,2026:09:05 11:09:59,Duranta erecta,Media-Alta,No nativa (America tropical),"5 sept 2026, 30-33.5C, sin lluvia, despejado (ver species_native_status.md)"
JANELLE_V2_IMG_5831.JPG,Janelle,biotic,"1 deg 20' 21.01"" N","103 deg 52' 25.69"" E",21.5 m Above Sea Level,265.1309812,2026:09:05 14:30:45,,,,"5 sept 2026, 30-33.5C, sin lluvia, despejado (ver species_native_status.md)"
DANIELA_IMG_8312.HEIC,Daniela,biotic,"1 deg 20' 17.06"" N","103 deg 52' 21.84"" E",16.8 m Above Sea Level,221.6673431,2026:09:05 10:27:45,Antigonon leptopus (bejuco coralillo),Alta,No nativa (Mexico),"5 sept 2026, 30-33.5C, sin lluvia, despejado (ver species_native_status.md)"
JANELLE_V2_IMG_5833.JPG,Janelle,biotic,"1 deg 20' 21.09"" N","103 deg 52' 25.72"" E",21.3 m Above Sea Level,265.2140199,2026:09:05 14:30:46,,,,"5 sept 2026, 30-33.5C, sin lluvia, despejado (ver species_native_status.md)"
JANELLE_V2_IMG_5832.JPG,Janelle,biotic,"1 deg 20' 21.09"" N","103 deg 52' 25.72"" E",21.3 m Above Sea Level,265.3374636,2026:09:05 14:30:46,,,,"5 sept 2026, 30-33.5C, sin lluvia, despejado (ver species_native_status.md)"
JANELLE_V2_IMG_5749.JPG,Janelle,biotic,"1 deg 20' 19.83"" N","103 deg 52' 27.06"" E",25.3 m Above Sea Level,28.70765113,2026:09:05 13:58:25,,,,"5 sept 2026, 30-33.5C, sin lluvia, despejado (ver species_native_status.md)"
DANIELA_IMG_8331.HEIC,Daniela,biotic,"1 deg 20' 22.91"" N","103 deg 52' 27.03"" E",34.1 m Above Sea Level,136.5880584,2026:09:05 11:14:05,Clerodendrum paniculatum,Media,No nativa,"5 sept 2026, 30-33.5C, sin lluvia, despejado (ver species_native_status.md)"
JANELLE_V2_IMG_5750.JPG,Janelle,biotic,"1 deg 20' 19.84"" N","103 deg 52' 27.06"" E",26.5 m Above Sea Level,31.31783484,2026:09:05 13:58:27,,,,"5 sept 2026, 30-33.5C, sin lluvia, despejado (ver species_native_status.md)"
DANIELA_IMG_8409.HEIC,Daniela,biotic,"1 deg 20' 16.85"" N","103 deg 52' 22.09"" E",23.1 m Above Sea Level,250.2870178,2026:09:05 14:33:14,Jasminum sambac,Media,No nativa (solo cultivada),"5 sept 2026, 30-33.5C, sin lluvia, despejado (ver species_native_status.md)"
JANELLE_V2_IMG_5751.JPG,Janelle,biotic,"1 deg 20' 19.79"" N","103 deg 52' 26.92"" E",27.2 m Above Sea Level,31.94615175,2026:09:05 13:58:30,,,,"5 sept 2026, 30-33.5C, sin lluvia, despejado (ver species_native_status.md)"
JANELLE_V2_IMG_5786.JPG,Janelle,biotic,"1 deg 20' 23.23"" N","103 deg 52' 28.05"" E",23.1 m Above Sea Level,264.6478882,2026:09:05 14:14:54,,,,"5 sept 2026, 30-33.5C, sin lluvia, despejado (ver species_native_status.md)"
JANELLE_V2_IMG_5784.JPG,Janelle,biotic,"1 deg 20' 23.38"" N","103 deg 52' 28.10"" E",21.5 m Above Sea Level,268.2285464,2026:09:05 14:14:50,,,,"5 sept 2026, 30-33.5C, sin lluvia, despejado (ver species_native_status.md)"
DANIELA_IMG_8385.HEIC,Daniela,biotic,"1 deg 20' 20.77"" N","103 deg 52' 24.04"" E",25.4 m Above Sea Level,193.7379455,2026:09:05 14:13:50,Blechnopsis orientalis (mismo individuo),Media,NATIVA (Least Concern),"5 sept 2026, 30-33.5C, sin lluvia, despejado (ver species_native_status.md)"
JANELLE_V2_IMG_5753.JPG,Janelle,biotic,"1 deg 20' 19.79"" N","103 deg 52' 27.01"" E",26.8 m Above Sea Level,282.4034119,2026:09:05 13:58:55,,,,"5 sept 2026, 30-33.5C, sin lluvia, despejado (ver species_native_status.md)"
DANIELA_IMG_8413.HEIC,Daniela,biotic,"1 deg 20' 19.59"" N","103 deg 52' 22.42"" E",35.5 m Above Sea Level,99.37468716,2026:09:05 14:35:08,Ardisia elliptica,Media,"NATIVA (pero invasora fuera de su rango, ej. Florida)","5 sept 2026, 30-33.5C, sin lluvia, despejado (ver species_native_status.md)"
DANIELA_IMG_8405.HEIC,Daniela,biotic,"1 deg 20' 16.56"" N","103 deg 52' 24.09"" E",19.3 m Above Sea Level,19.61017607,2026:09:05 14:31:26,Lantana camara,Alta,"No nativa, potencialmente invasora","5 sept 2026, 30-33.5C, sin lluvia, despejado (ver species_native_status.md)"
JANELLE_V2_IMG_5752.JPG,Janelle,biotic,"1 deg 20' 19.78"" N","103 deg 52' 26.92"" E",27.6 m Above Sea Level,239.2183381,2026:09:05 13:58:39,,,,"5 sept 2026, 30-33.5C, sin lluvia, despejado (ver species_native_status.md)"
JANELLE_V2_IMG_5785.JPG,Janelle,biotic,"1 deg 20' 23.22"" N","103 deg 52' 28.05"" E",23.1 m Above Sea Level,266.8856813,2026:09:05 14:14:52,,,,"5 sept 2026, 30-33.5C, sin lluvia, despejado (ver species_native_status.md)"
JANELLE_V2_IMG_5756.JPG,Janelle,biotic,"1 deg 20' 19.78"" N","103 deg 52' 27.01"" E",26.7 m Above Sea Level,284.0773621,2026:09:05 13:58:58,,,,"5 sept 2026, 30-33.5C, sin lluvia, despejado (ver species_native_status.md)"
DANIELA_IMG_8412.HEIC,Daniela,biotic,"1 deg 20' 18.68"" N","103 deg 52' 22.25"" E",24.8 m Above Sea Level,70.58724969,2026:09:05 14:34:24,misma planta variegada que 8407,Baja-Media,No investigado (sin ID de especie),"5 sept 2026, 30-33.5C, sin lluvia, despejado (ver species_native_status.md)"
DANIELA_IMG_8384.HEIC,Daniela,biotic,"1 deg 20' 20.75"" N","103 deg 52' 24.12"" E",27.7 m Above Sea Level,163.3874207,2026:09:05 14:13:42,Blechnopsis orientalis (mismo individuo),Media,NATIVA (Least Concern),"5 sept 2026, 30-33.5C, sin lluvia, despejado (ver species_native_status.md)"
JANELLE_V2_IMG_5755.JPG,Janelle,biotic,"1 deg 20' 19.78"" N","103 deg 52' 27.01"" E",26.7 m Above Sea Level,282.6374819,2026:09:05 13:58:57,,,,"5 sept 2026, 30-33.5C, sin lluvia, despejado (ver species_native_status.md)"
DANIELA_IMG_8326.HEIC,Daniela,biotic,"1 deg 20' 21.40"" N","103 deg 52' 26.13"" E",31.3 m Above Sea Level,176.6031646,2026:09:05 11:09:11,Bidens alba + Vernonia/Cyanthillium sp. (fondo),Media,Bidens alba: no nativa; Vernonia/Cyanthillium: no concluyente,"5 sept 2026, 30-33.5C, sin lluvia, despejado (ver species_native_status.md)"
DANIELA_IMG_8408.HEIC,Daniela,biotic,"1 deg 20' 16.72"" N","103 deg 52' 23.13"" E",23.2 m Above Sea Level,10.99047279,2026:09:05 14:32:27,Duranta erecta,Media-Alta,No nativa (America tropical),"5 sept 2026, 30-33.5C, sin lluvia, despejado (ver species_native_status.md)"
JANELLE_V2_IMG_5754.JPG,Janelle,biotic,"1 deg 20' 19.78"" N","103 deg 52' 27.01"" E",26.7 m Above Sea Level,282.7695008,2026:09:05 13:58:56,,,,"5 sept 2026, 30-33.5C, sin lluvia, despejado (ver species_native_status.md)"
DANIELA_IMG_8383.HEIC,Daniela,biotic,"1 deg 20' 20.74"" N","103 deg 52' 24.04"" E",25.8 m Above Sea Level,165.7755432,2026:09:05 14:13:39,Blechnopsis orientalis,Media,NATIVA (Least Concern),"5 sept 2026, 30-33.5C, sin lluvia, despejado (ver species_native_status.md)"
JANELLE_V2_IMG_5765.MOV,Janelle,biotic,"1 deg 20' 21.48"" N","103 deg 52' 26.40"" E",30.31 m,,2026:09:05 06:04:52,,,,"5 sept 2026, 30-33.5C, sin lluvia, despejado (ver species_native_status.md)"
DANIELA_IMG_8395.HEIC,Daniela,biotic,"1 deg 20' 20.19"" N","103 deg 52' 22.53"" E",20.1 m Above Sea Level,65.04188538,2026:09:05 14:20:17,Antigonon leptopus,Alta,No nativa (Mexico),"5 sept 2026, 30-33.5C, sin lluvia, despejado (ver species_native_status.md)"
JANELLE_V1_IMG_5666.JPG,Janelle,biotic,"1 deg 20' 21.05"" N","103 deg 52' 23.21"" E",19.2 m Above Sea Level,224.1271211,2026:09:05 10:47:00,,,,"5 sept 2026, 30-33.5C, sin lluvia, despejado (ver species_native_status.md)"
JANELLE_V2_IMG_5764.MOV,Janelle,biotic,"1 deg 20' 21.84"" N","103 deg 52' 26.40"" E",18.801 m,,2026:09:05 06:04:32,,,,"5 sept 2026, 30-33.5C, sin lluvia, despejado (ver species_native_status.md)"
JANELLE_V2_IMG_5742.JPEG,Janelle,biotic,"1 deg 20' 19.85"" N","103 deg 52' 26.84"" E",21.8 m Above Sea Level,,2026:09:05 13:57:18,,,,"5 sept 2026, 30-33.5C, sin lluvia, despejado (ver species_native_status.md)"
DANIELA_IMG_8376.HEIC,Daniela,biotic,"1 deg 20' 19.80"" N","103 deg 52' 25.52"" E",20.9 m Above Sea Level,30.22130014,2026:09:05 14:05:47,Colocasia esculenta,Media-Alta,"No nativa (Asia tropical, cultivada)","5 sept 2026, 30-33.5C, sin lluvia, despejado (ver species_native_status.md)"
JANELLE_V1_IMG_5670.JPG,Janelle,biotic,"1 deg 20' 19.69"" N","103 deg 52' 25.52"" E",12.6 m Above Sea Level,258.8835754,2026:09:05 10:49:30,,,,"5 sept 2026, 30-33.5C, sin lluvia, despejado (ver species_native_status.md)"
JANELLE_V1_IMG_5671.JPG,Janelle,biotic,"1 deg 20' 19.64"" N","103 deg 52' 25.47"" E",9.9 m Above Sea Level,258.0577391,2026:09:05 10:49:34,,,,"5 sept 2026, 30-33.5C, sin lluvia, despejado (ver species_native_status.md)"
DANIELA_IMG_8336.HEIC,Daniela,biotic,"1 deg 20' 24.79"" N","103 deg 52' 25.74"" E",39.4 m Above Sea Level,44.6177063,2026:09:05 11:26:58,vegetacion sotobosque sin ID,Baja,,"5 sept 2026, 30-33.5C, sin lluvia, despejado (ver species_native_status.md)"
JANELLE_V2_IMG_5743.JPEG,Janelle,biotic,"1 deg 20' 19.85"" N","103 deg 52' 26.84"" E",21.8 m Above Sea Level,,2026:09:05 13:57:19,,,,"5 sept 2026, 30-33.5C, sin lluvia, despejado (ver species_native_status.md)"
DANIELA_IMG_8402.HEIC,Daniela,biotic,"1 deg 20' 18.95"" N","103 deg 52' 22.34"" E",20.9 m Above Sea Level,122.4178543,2026:09:05 14:28:40,Cyperus sp.,Media,No concluyente (falta ID de especie),"5 sept 2026, 30-33.5C, sin lluvia, despejado (ver species_native_status.md)"
DANIELA_IMG_8315.HEIC,Daniela,abiotic,"1 deg 20' 17.01"" N","103 deg 52' 21.93"" E",19.6 m Above Sea Level,326.2451172,2026:09:05 10:33:37,,,,"5 sept 2026, 30-33.5C, sin lluvia, despejado (ver species_native_status.md)"
JANELLE_V1_IMG_5652.JPG,Janelle,abiotic,"1 deg 20' 17.36"" N","103 deg 52' 22.55"" E",12.5 m Above Sea Level,70.14469914,2026:09:05 10:32:15,,,,"5 sept 2026, 30-33.5C, sin lluvia, despejado (ver species_native_status.md)"
JANELLE_V1_IMG_5646.JPG,Janelle,abiotic,"1 deg 20' 17.28"" N","103 deg 52' 22.69"" E",11.9 m Above Sea Level,105.525406,2026:09:05 10:30:33,,,,"5 sept 2026, 30-33.5C, sin lluvia, despejado (ver species_native_status.md)"
JANELLE_V1_IMG_5685.JPG,Janelle,abiotic,"1 deg 20' 19.72"" N","103 deg 52' 26.54"" E",22.2 m Above Sea Level,46.09626388,2026:09:05 11:03:33,,,,"5 sept 2026, 30-33.5C, sin lluvia, despejado (ver species_native_status.md)"
JANELLE_V1_IMG_5684.JPG,Janelle,abiotic,"1 deg 20' 19.72"" N","103 deg 52' 26.54"" E",22.1 m Above Sea Level,44.51805878,2026:09:05 11:03:32,,,,"5 sept 2026, 30-33.5C, sin lluvia, despejado (ver species_native_status.md)"
JANELLE_V1_IMG_5647.JPG,Janelle,abiotic,"1 deg 20' 17.28"" N","103 deg 52' 22.69"" E",11.8 m Above Sea Level,107.6672592,2026:09:05 10:30:35,,,,"5 sept 2026, 30-33.5C, sin lluvia, despejado (ver species_native_status.md)"
JANELLE_V1_IMG_5653.JPG,Janelle,abiotic,"1 deg 20' 17.36"" N","103 deg 52' 22.53"" E",11.9 m Above Sea Level,11.64804745,2026:09:05 10:32:18,,,,"5 sept 2026, 30-33.5C, sin lluvia, despejado (ver species_native_status.md)"
DANIELA_IMG_8397.HEIC,Daniela,abiotic,"1 deg 20' 19.89"" N","103 deg 52' 22.34"" E",28.8 m Above Sea Level,112.1089554,2026:09:05 14:20:45,,,,"5 sept 2026, 30-33.5C, sin lluvia, despejado (ver species_native_status.md)"
JANELLE_V1_IMG_5719.JPG,Janelle,abiotic,"1 deg 20' 28.29"" N","103 deg 52' 27.06"" E",,270.407257,2026:09:05 11:41:51,,,,"5 sept 2026, 30-33.5C, sin lluvia, despejado (ver species_native_status.md)"
JANELLE_V2_IMG_5739.JPG,Janelle,abiotic,"1 deg 20' 19.87"" N","103 deg 52' 26.71"" E",28.2 m Above Sea Level,36.9009247,2026:09:05 13:55:15,,,,"5 sept 2026, 30-33.5C, sin lluvia, despejado (ver species_native_status.md)"
DANIELA_IMG_8358.HEIC,Daniela,abiotic,"1 deg 20' 16.57"" N","103 deg 52' 23.98"" E",25 m Above Sea Level,341.5146178,2026:09:05 13:59:09,,,,"5 sept 2026, 30-33.5C, sin lluvia, despejado (ver species_native_status.md)"
JANELLE_V1_IMG_5679.JPG,Janelle,abiotic,"1 deg 20' 17.37"" N","103 deg 52' 25.22"" E",22.3 m Above Sea Level,303.6263121,2026:09:05 10:59:34,,,,"5 sept 2026, 30-33.5C, sin lluvia, despejado (ver species_native_status.md)"
JANELLE_V1_IMG_5645.JPG,Janelle,abiotic,"1 deg 20' 17.28"" N","103 deg 52' 22.67"" E",14.8 m Above Sea Level,107.0468826,2026:09:05 10:30:27,,,,"5 sept 2026, 30-33.5C, sin lluvia, despejado (ver species_native_status.md)"
JANELLE_V1_IMG_5686.JPG,Janelle,abiotic,"1 deg 20' 19.81"" N","103 deg 52' 26.26"" E",27.7 m Above Sea Level,35.95397188,2026:09:05 11:04:22,,,,"5 sept 2026, 30-33.5C, sin lluvia, despejado (ver species_native_status.md)"
JANELLE_V1_IMG_5687.JPG,Janelle,abiotic,"1 deg 20' 19.67"" N","103 deg 52' 26.40"" E",23.9 m Above Sea Level,33.61971663,2026:09:05 11:04:23,,,,"5 sept 2026, 30-33.5C, sin lluvia, despejado (ver species_native_status.md)"
DANIELA_IMG_8323.HEIC,Daniela,abiotic,"1 deg 20' 19.69"" N","103 deg 52' 26.76"" E",25.6 m Above Sea Level,300.049469,2026:09:05 11:04:37,,,,"5 sept 2026, 30-33.5C, sin lluvia, despejado (ver species_native_status.md)"
JANELLE_V1_IMG_5650.JPG,Janelle,abiotic,"1 deg 20' 17.40"" N","103 deg 52' 22.55"" E",15.2 m Above Sea Level,3.417249206,2026:09:05 10:32:10,,,,"5 sept 2026, 30-33.5C, sin lluvia, despejado (ver species_native_status.md)"
JANELLE_V1_IMG_5678.JPG,Janelle,abiotic,"1 deg 20' 17.06"" N","103 deg 52' 26.07"" E",19.7 m Above Sea Level,72.2348251,2026:09:05 10:59:08,,,,"5 sept 2026, 30-33.5C, sin lluvia, despejado (ver species_native_status.md)"
DANIELA_IMG_8374.HEIC,Daniela,abiotic,"1 deg 20' 19.50"" N","103 deg 52' 25.77"" E",24.7 m Above Sea Level,105.8466034,2026:09:05 14:05:21,,,,"5 sept 2026, 30-33.5C, sin lluvia, despejado (ver species_native_status.md)"
JANELLE_V2_IMG_5738.JPG,Janelle,abiotic,"1 deg 20' 19.86"" N","103 deg 52' 26.71"" E",28.9 m Above Sea Level,44.68617252,2026:09:05 13:55:13,,,,"5 sept 2026, 30-33.5C, sin lluvia, despejado (ver species_native_status.md)"
DANIELA_IMG_8362.HEIC,Daniela,abiotic,"1 deg 20' 18.21"" N","103 deg 52' 26.51"" E",23.8 m Above Sea Level,264.8342593,2026:09:05 14:02:07,,,,"5 sept 2026, 30-33.5C, sin lluvia, despejado (ver species_native_status.md)"
DANIELA_IMG_8335.HEIC,Daniela,abiotic,"1 deg 20' 24.64"" N","103 deg 52' 25.36"" E",39 m Above Sea Level,44.4755249,2026:09:05 11:25:19,,,,"5 sept 2026, 30-33.5C, sin lluvia, despejado (ver species_native_status.md)"
JANELLE_V1_IMG_5718.JPG,Janelle,abiotic,"1 deg 20' 26.08"" N","103 deg 52' 28.43"" E",30.1 m Above Sea Level,251.0693359,2026:09:05 11:40:13,,,,"5 sept 2026, 30-33.5C, sin lluvia, despejado (ver species_native_status.md)"
JANELLE_V1_IMG_5654.JPG,Janelle,abiotic,"1 deg 20' 17.36"" N","103 deg 52' 22.55"" E",11.2 m Above Sea Level,22.20947266,2026:09:05 10:32:21,,,,"5 sept 2026, 30-33.5C, sin lluvia, despejado (ver species_native_status.md)"
JANELLE_V1_IMG_5683.JPG,Janelle,abiotic,"1 deg 20' 19.70"" N","103 deg 52' 26.51"" E",21.4 m Above Sea Level,45.35765838,2026:09:05 11:03:31,,,,"5 sept 2026, 30-33.5C, sin lluvia, despejado (ver species_native_status.md)"
DANIELA_IMG_8322.HEIC,Daniela,abiotic,"1 deg 20' 19.71"" N","103 deg 52' 26.79"" E",25.9 m Above Sea Level,62.32474519,2026:09:05 11:04:32,,,,"5 sept 2026, 30-33.5C, sin lluvia, despejado (ver species_native_status.md)"
DANIELA_IMG_8359.HEIC,Daniela,abiotic,"1 deg 20' 16.57"" N","103 deg 52' 24.95"" E",25.3 m Above Sea Level,355.9391172,2026:09:05 13:59:48,,,,"5 sept 2026, 30-33.5C, sin lluvia, despejado (ver species_native_status.md)"
JANELLE_V1_IMG_5655.JPG,Janelle,abiotic,"1 deg 20' 17.36"" N","103 deg 52' 22.55"" E",10.4 m Above Sea Level,21.72432135,2026:09:05 10:32:25,,,,"5 sept 2026, 30-33.5C, sin lluvia, despejado (ver species_native_status.md)"
JANELLE_V2_IMG_5729.JPG,Janelle,abiotic,"1 deg 20' 19.88"" N","103 deg 52' 26.48"" E",23.4 m Above Sea Level,56.64487844,2026:09:05 13:53:20,,,,"5 sept 2026, 30-33.5C, sin lluvia, despejado (ver species_native_status.md)"
JANELLE_V1_IMG_5709.JPG,Janelle,abiotic,"1 deg 20' 25.61"" N","103 deg 52' 23.21"" E",29.8 m Above Sea Level,40.39295958,2026:09:05 11:26:43,,,,"5 sept 2026, 30-33.5C, sin lluvia, despejado (ver species_native_status.md)"
JANELLE_V1_IMG_5723.JPG,Janelle,abiotic,"1 deg 20' 27.02"" N","103 deg 52' 27.47"" E",27.3 m Above Sea Level,215.7127686,2026:09:05 11:59:34,,,,"5 sept 2026, 30-33.5C, sin lluvia, despejado (ver species_native_status.md)"
DANIELA_IMG_8380.HEIC,Daniela,abiotic,"1 deg 20' 19.87"" N","103 deg 52' 25.28"" E",19.2 m Above Sea Level,282.6007995,2026:09:05 14:06:21,,,,"5 sept 2026, 30-33.5C, sin lluvia, despejado (ver species_native_status.md)"
JANELLE_V1_IMG_5657.JPG,Janelle,abiotic,"1 deg 20' 20.65"" N","103 deg 52' 24.45"" E",10.5 m Above Sea Level,171.9310762,2026:09:05 10:41:30,,,,"5 sept 2026, 30-33.5C, sin lluvia, despejado (ver species_native_status.md)"
JANELLE_V1_IMG_5643.JPG,Janelle,abiotic,"1 deg 20' 17.35"" N","103 deg 52' 22.83"" E",16.4 m Above Sea Level,101.1771697,2026:09:05 10:30:05,,,,"5 sept 2026, 30-33.5C, sin lluvia, despejado (ver species_native_status.md)"
JANELLE_V1_IMG_5680.JPG,Janelle,abiotic,"1 deg 20' 17.11"" N","103 deg 52' 26.02"" E",20.8 m Above Sea Level,301.0461428,2026:09:05 10:59:36,,,,"5 sept 2026, 30-33.5C, sin lluvia, despejado (ver species_native_status.md)"
DANIELA_IMG_8355.HEIC,Daniela,abiotic,"1 deg 20' 17.30"" N","103 deg 52' 22.72"" E",26.3 m Above Sea Level,94.55236825,2026:09:05 13:56:57,,,,"5 sept 2026, 30-33.5C, sin lluvia, despejado (ver species_native_status.md)"
JANELLE_V1_IMG_5695.JPG,Janelle,abiotic,"1 deg 20' 20.23"" N","103 deg 52' 25.16"" E",21.3 m Above Sea Level,63.95687104,2026:09:05 11:07:07,,,,"5 sept 2026, 30-33.5C, sin lluvia, despejado (ver species_native_status.md)"
JANELLE_V1_IMG_5656.JPG,Janelle,abiotic,"1 deg 20' 20.62"" N","103 deg 52' 24.45"" E",20 m Above Sea Level,174.3797761,2026:09:05 10:41:23,,,,"5 sept 2026, 30-33.5C, sin lluvia, despejado (ver species_native_status.md)"
DANIELA_IMG_8314.HEIC,Daniela,abiotic,"1 deg 20' 16.82"" N","103 deg 52' 22.12"" E",25 m Above Sea Level,177.8456573,2026:09:05 10:33:03,,,,"5 sept 2026, 30-33.5C, sin lluvia, despejado (ver species_native_status.md)"
DANIELA_IMG_8343.HEIC,Daniela,abiotic,"1 deg 20' 17.11"" N","103 deg 52' 22.23"" E",19.8 m Above Sea Level,64.24403387,2026:09:05 13:53:52,,,,"5 sept 2026, 30-33.5C, sin lluvia, despejado (ver species_native_status.md)"
JANELLE_V1_IMG_5722.JPG,Janelle,abiotic,"1 deg 20' 25.48"" N","103 deg 52' 28.46"" E",21.3 m Above Sea Level,89.51741023,2026:09:05 11:54:22,,,,"5 sept 2026, 30-33.5C, sin lluvia, despejado (ver species_native_status.md)"
DANIELA_IMG_8348.HEIC,Daniela,abiotic,"1 deg 20' 17.35"" N","103 deg 52' 22.64"" E",25.2 m Above Sea Level,63.85242464,2026:09:05 13:55:16,,,,"5 sept 2026, 30-33.5C, sin lluvia, despejado (ver species_native_status.md)"
JANELLE_V2_IMG_5771.JPG,Janelle,abiotic,"1 deg 20' 21.98"" N","103 deg 52' 29.23"" E",22.1 m Above Sea Level,20.42328453,2026:09:05 14:11:23,,,,"5 sept 2026, 30-33.5C, sin lluvia, despejado (ver species_native_status.md)"
JANELLE_V2_IMG_5759.JPG,Janelle,abiotic,"1 deg 20' 19.53"" N","103 deg 52' 26.32"" E",26.7 m Above Sea Level,177.2756041,2026:09:05 14:01:19,,,,"5 sept 2026, 30-33.5C, sin lluvia, despejado (ver species_native_status.md)"
JANELLE_V2_IMG_5727.MOV,Janelle,abiotic,"1 deg 20' 19.68"" N","103 deg 52' 26.40"" E",23.302 m,,2026:09:05 05:52:19,,,,"5 sept 2026, 30-33.5C, sin lluvia, despejado (ver species_native_status.md)"
JANELLE_V2_IMG_5822.JPG,Janelle,abiotic,"1 deg 20' 26.03"" N","103 deg 52' 28.63"" E",31.9 m Above Sea Level,61.37615969,2026:09:05 14:19:44,,,,"5 sept 2026, 30-33.5C, sin lluvia, despejado (ver species_native_status.md)"
DANIELA_IMG_8325.HEIC,Daniela,abiotic,"1 deg 20' 19.93"" N","103 deg 52' 26.07"" E",24.1 m Above Sea Level,269.2100221,2026:09:05 11:06:45,,,,"5 sept 2026, 30-33.5C, sin lluvia, despejado (ver species_native_status.md)"
JANELLE_V2_IMG_5823.JPG,Janelle,abiotic,"1 deg 20' 26.08"" N","103 deg 52' 28.66"" E",31.9 m Above Sea Level,35.8519058,2026:09:05 14:19:46,,,,"5 sept 2026, 30-33.5C, sin lluvia, despejado (ver species_native_status.md)"
JANELLE_V2_IMG_5758.JPG,Janelle,abiotic,"1 deg 20' 19.24"" N","103 deg 52' 26.29"" E",21.8 m Above Sea Level,190.4996186,2026:09:05 14:01:15,,,,"5 sept 2026, 30-33.5C, sin lluvia, despejado (ver species_native_status.md)"
JANELLE_V2_IMG_5770.JPG,Janelle,abiotic,"1 deg 20' 21.25"" N","103 deg 52' 27.56"" E",27.7 m Above Sea Level,161.4306641,2026:09:05 14:08:28,,,,"5 sept 2026, 30-33.5C, sin lluvia, despejado (ver species_native_status.md)"
DANIELA_IMG_8364.HEIC,Daniela,abiotic,"1 deg 20' 18.70"" N","103 deg 52' 26.48"" E",22.2 m Above Sea Level,239.9402314,2026:09:05 14:02:45,,,,"5 sept 2026, 30-33.5C, sin lluvia, despejado (ver species_native_status.md)"
DANIELA_IMG_8344.HEIC,Daniela,abiotic,"1 deg 20' 17.18"" N","103 deg 52' 22.50"" E",24.8 m Above Sea Level,83.12896725,2026:09:05 13:54:06,,,,"5 sept 2026, 30-33.5C, sin lluvia, despejado (ver species_native_status.md)"
JANELLE_V2_IMG_5799.JPG,Janelle,abiotic,"1 deg 20' 24.67"" N","103 deg 52' 28.96"" E",25.6 m Above Sea Level,45.95199203,2026:09:05 14:16:55,,,,"5 sept 2026, 30-33.5C, sin lluvia, despejado (ver species_native_status.md)"
JANELLE_V2_IMG_5772.JPG,Janelle,abiotic,"1 deg 20' 22.15"" N","103 deg 52' 28.60"" E",22.1 m Above Sea Level,198.6492158,2026:09:05 14:11:30,,,,"5 sept 2026, 30-33.5C, sin lluvia, despejado (ver species_native_status.md)"
JANELLE_V2_IMG_5766.JPG,Janelle,abiotic,"1 deg 20' 20.32"" N","103 deg 52' 25.63"" E",20.7 m Above Sea Level,170.6031571,2026:09:05 14:08:15,,,,"5 sept 2026, 30-33.5C, sin lluvia, despejado (ver species_native_status.md)"
JANELLE_V2_IMG_5809.JPG,Janelle,abiotic,"1 deg 20' 25.49"" N","103 deg 52' 28.60"" E",31.9 m Above Sea Level,271.2252196,2026:09:05 14:18:13,,,,"5 sept 2026, 30-33.5C, sin lluvia, despejado (ver species_native_status.md)"
JANELLE_V2_IMG_5821.JPG,Janelle,abiotic,"1 deg 20' 26.03"" N","103 deg 52' 28.63"" E",31.4 m Above Sea Level,62.52460098,2026:09:05 14:19:42,,,,"5 sept 2026, 30-33.5C, sin lluvia, despejado (ver species_native_status.md)"
JANELLE_V1_IMG_5632.JPG,Janelle,abiotic,"1 deg 20' 19.01"" N","103 deg 52' 22.83"" E",20.1 m Above Sea Level,113.5017548,2026:09:05 09:35:47,,,,"5 sept 2026, 30-33.5C, sin lluvia, despejado (ver species_native_status.md)"
JANELLE_V2_IMG_5820.JPG,Janelle,abiotic,"1 deg 20' 26.03"" N","103 deg 52' 28.66"" E",30.7 m Above Sea Level,66.73273459,2026:09:05 14:19:41,,,,"5 sept 2026, 30-33.5C, sin lluvia, despejado (ver species_native_status.md)"
JANELLE_V2_IMG_5808.JPG,Janelle,abiotic,"1 deg 20' 25.46"" N","103 deg 52' 28.60"" E",32.5 m Above Sea Level,277.3656922,2026:09:05 14:18:10,,,,"5 sept 2026, 30-33.5C, sin lluvia, despejado (ver species_native_status.md)"
JANELLE_V2_IMG_5767.JPG,Janelle,abiotic,"1 deg 20' 20.41"" N","103 deg 52' 25.80"" E",20.8 m Above Sea Level,166.898758,2026:09:05 14:08:16,,,,"5 sept 2026, 30-33.5C, sin lluvia, despejado (ver species_native_status.md)"
JANELLE_V2_IMG_5773.JPG,Janelle,abiotic,"1 deg 20' 22.18"" N","103 deg 52' 28.60"" E",25.5 m Above Sea Level,198.2007448,2026:09:05 14:11:32,,,,"5 sept 2026, 30-33.5C, sin lluvia, despejado (ver species_native_status.md)"
JANELLE_V2_IMG_5798.JPG,Janelle,abiotic,"1 deg 20' 24.67"" N","103 deg 52' 28.99"" E",25.5 m Above Sea Level,137.1272124,2026:09:05 14:16:50,,,,"5 sept 2026, 30-33.5C, sin lluvia, despejado (ver species_native_status.md)"
DANIELA_IMG_8387.HEIC,Daniela,abiotic,"1 deg 20' 20.58"" N","103 deg 52' 25.03"" E",22.3 m Above Sea Level,290.5975648,2026:09:05 14:14:45,,,,"5 sept 2026, 30-33.5C, sin lluvia, despejado (ver species_native_status.md)"
JANELLE_V2_IMG_5763.JPG,Janelle,abiotic,"1 deg 20' 22.07"" N","103 deg 52' 26.45"" E",22.7 m Above Sea Level,203.9801027,2026:09:05 14:04:27,,,,"5 sept 2026, 30-33.5C, sin lluvia, despejado (ver species_native_status.md)"
JANELLE_V2_IMG_5824.JPG,Janelle,abiotic,"1 deg 20' 26.10"" N","103 deg 52' 28.66"" E",32.2 m Above Sea Level,32.45565032,2026:09:05 14:19:47,,,,"5 sept 2026, 30-33.5C, sin lluvia, despejado (ver species_native_status.md)"
JANELLE_V2_IMG_5818.JPG,Janelle,abiotic,"1 deg 20' 26.01"" N","103 deg 52' 28.68"" E",27.7 m Above Sea Level,79.97212218,2026:09:05 14:19:34,,,,"5 sept 2026, 30-33.5C, sin lluvia, despejado (ver species_native_status.md)"
DANIELA_IMG_8353.HEIC,Daniela,abiotic,"1 deg 20' 17.36"" N","103 deg 52' 22.64"" E",22.1 m Above Sea Level,136.2731476,2026:09:05 13:56:04,,,,"5 sept 2026, 30-33.5C, sin lluvia, despejado (ver species_native_status.md)"
JANELLE_V2_IMG_5819.JPG,Janelle,abiotic,"1 deg 20' 26.01"" N","103 deg 52' 28.66"" E",28.4 m Above Sea Level,129.934845,2026:09:05 14:19:36,,,,"5 sept 2026, 30-33.5C, sin lluvia, despejado (ver species_native_status.md)"
JANELLE_V2_IMG_5825.JPG,Janelle,abiotic,"1 deg 20' 26.03"" N","103 deg 52' 28.63"" E",32.1 m Above Sea Level,279.6599119,2026:09:05 14:19:51,,,,"5 sept 2026, 30-33.5C, sin lluvia, despejado (ver species_native_status.md)"
JANELLE_V2_IMG_5762.JPG,Janelle,abiotic,"1 deg 20' 20.02"" N","103 deg 52' 25.77"" E",34.7 m Above Sea Level,235.7563169,2026:09:05 14:02:33,,,,"5 sept 2026, 30-33.5C, sin lluvia, despejado (ver species_native_status.md)"
JANELLE_V2_IMG_5776.JPG,Janelle,abiotic,"1 deg 20' 22.27"" N","103 deg 52' 28.60"" E",32.4 m Above Sea Level,205.4057463,2026:09:05 14:11:57,,,,"5 sept 2026, 30-33.5C, sin lluvia, despejado (ver species_native_status.md)"
JANELLE_V2_IMG_5789.JPG,Janelle,abiotic,"1 deg 20' 23.84"" N","103 deg 52' 28.05"" E",25.3 m Above Sea Level,146.6887207,2026:09:05 14:16:00,,,,"5 sept 2026, 30-33.5C, sin lluvia, despejado (ver species_native_status.md)"
DANIELA_IMG_8332.HEIC,Daniela,abiotic,"1 deg 20' 23.05"" N","103 deg 52' 26.54"" E",34.8 m Above Sea Level,56.8927574,2026:09:05 11:19:39,,,,"5 sept 2026, 30-33.5C, sin lluvia, despejado (ver species_native_status.md)"
JANELLE_V2_IMG_5748.JPG,Janelle,abiotic,"1 deg 20' 19.76"" N","103 deg 52' 27.01"" E",26.3 m Above Sea Level,124.6810646,2026:09:05 13:58:11,,,,"5 sept 2026, 30-33.5C, sin lluvia, despejado (ver species_native_status.md)"
JANELLE_V2_IMG_5760.JPG,Janelle,abiotic,"1 deg 20' 20.43"" N","103 deg 52' 26.21"" E",32.9 m Above Sea Level,75.94144437,2026:09:05 14:02:04,,,,"5 sept 2026, 30-33.5C, sin lluvia, despejado (ver species_native_status.md)"
DANIELA_IMG_8365.HEIC,Daniela,abiotic,"1 deg 20' 18.87"" N","103 deg 52' 26.32"" E",20.6 m Above Sea Level,215.7126465,2026:09:05 14:02:57,,,,"5 sept 2026, 30-33.5C, sin lluvia, despejado (ver species_native_status.md)"
JANELLE_V2_IMG_5774.JPG,Janelle,abiotic,"1 deg 20' 22.26"" N","103 deg 52' 28.60"" E",31.7 m Above Sea Level,210.6420745,2026:09:05 14:11:53,,,,"5 sept 2026, 30-33.5C, sin lluvia, despejado (ver species_native_status.md)"
JANELLE_V2_IMG_5827.JPG,Janelle,abiotic,"1 deg 20' 26.06"" N","103 deg 52' 28.54"" E",33.9 m Above Sea Level,310.3740541,2026:09:05 14:19:55,,,,"5 sept 2026, 30-33.5C, sin lluvia, despejado (ver species_native_status.md)"
DANIELA_IMG_8373.HEIC,Daniela,abiotic,"1 deg 20' 18.86"" N","103 deg 52' 25.39"" E",24.9 m Above Sea Level,321.9913634,2026:09:05 14:04:25,,,,"5 sept 2026, 30-33.5C, sin lluvia, despejado (ver species_native_status.md)"
JANELLE_V2_IMG_5826.JPG,Janelle,abiotic,"1 deg 20' 26.05"" N","103 deg 52' 28.63"" E",32.6 m Above Sea Level,257.8958743,2026:09:05 14:19:52,,,,"5 sept 2026, 30-33.5C, sin lluvia, despejado (ver species_native_status.md)"
JANELLE_V2_IMG_5775.JPG,Janelle,abiotic,"1 deg 20' 22.25"" N","103 deg 52' 28.60"" E",31.7 m Above Sea Level,208.6969757,2026:09:05 14:11:56,,,,"5 sept 2026, 30-33.5C, sin lluvia, despejado (ver species_native_status.md)"
JANELLE_V2_IMG_5761.JPG,Janelle,abiotic,"1 deg 20' 20.07"" N","103 deg 52' 25.88"" E",37.3 m Above Sea Level,228.1127474,2026:09:05 14:02:27,,,,"5 sept 2026, 30-33.5C, sin lluvia, despejado (ver species_native_status.md)"
DANIELA_IMG_8349.HEIC,Daniela,abiotic,"1 deg 20' 17.32"" N","103 deg 52' 22.67"" E",27.7 m Above Sea Level,108.939804,2026:09:05 13:55:26,,,,"5 sept 2026, 30-33.5C, sin lluvia, despejado (ver species_native_status.md)"
JANELLE_V2_IMG_5793.JPG,Janelle,abiotic,"1 deg 20' 24.11"" N","103 deg 52' 28.21"" E",25.3 m Above Sea Level,144.5612029,2026:09:05 14:16:08,,,,"5 sept 2026, 30-33.5C, sin lluvia, despejado (ver species_native_status.md)"
DANIELA_IMG_8366.HEIC,Daniela,abiotic,"1 deg 20' 18.86"" N","103 deg 52' 26.35"" E",23.5 m Above Sea Level,255.4428711,2026:09:05 14:03:00,,,,"5 sept 2026, 30-33.5C, sin lluvia, despejado (ver species_native_status.md)"
JANELLE_V2_IMG_5778.JPG,Janelle,abiotic,"1 deg 20' 21.63"" N","103 deg 52' 26.90"" E",22.1 m Above Sea Level,295.3535463,2026:09:05 14:14:05,,,,"5 sept 2026, 30-33.5C, sin lluvia, despejado (ver species_native_status.md)"
DANIELA_IMG_8389.HEIC,Daniela,abiotic,"1 deg 20' 19.47"" N","103 deg 52' 25.50"" E",21.2 m Above Sea Level,259.9170226,2026:09:05 14:15:38,,,,"5 sept 2026, 30-33.5C, sin lluvia, despejado (ver species_native_status.md)"
JANELLE_V2_IMG_5817.JPG,Janelle,abiotic,"1 deg 20' 26.01"" N","103 deg 52' 28.68"" E",27.2 m Above Sea Level,67.56264501,2026:09:05 14:19:31,,,,"5 sept 2026, 30-33.5C, sin lluvia, despejado (ver species_native_status.md)"
JANELLE_V2_IMG_5803.JPG,Janelle,abiotic,"1 deg 20' 24.94"" N","103 deg 52' 28.90"" E",27.4 m Above Sea Level,19.15560531,2026:09:05 14:17:15,,,,"5 sept 2026, 30-33.5C, sin lluvia, despejado (ver species_native_status.md)"
DANIELA_IMG_8370.HEIC,Daniela,abiotic,"1 deg 20' 18.79"" N","103 deg 52' 25.55"" E",21.8 m Above Sea Level,242.4874572,2026:09:05 14:03:51,,,,"5 sept 2026, 30-33.5C, sin lluvia, despejado (ver species_native_status.md)"
JANELLE_V2_IMG_5802.JPG,Janelle,abiotic,"1 deg 20' 24.95"" N","103 deg 52' 28.90"" E",29.4 m Above Sea Level,58.91555024,2026:09:05 14:17:13,,,,"5 sept 2026, 30-33.5C, sin lluvia, despejado (ver species_native_status.md)"
JANELLE_V2_IMG_5792.JPG,Janelle,abiotic,"1 deg 20' 24.11"" N","103 deg 52' 28.21"" E",24.8 m Above Sea Level,141.5664215,2026:09:05 14:16:06,,,,"5 sept 2026, 30-33.5C, sin lluvia, despejado (ver species_native_status.md)"
JANELLE_V2_IMG_5790.JPG,Janelle,abiotic,"1 deg 20' 23.94"" N","103 deg 52' 28.05"" E",21.9 m Above Sea Level,144.3083496,2026:09:05 14:16:02,,,,"5 sept 2026, 30-33.5C, sin lluvia, despejado (ver species_native_status.md)"
JANELLE_V2_IMG_5747.JPG,Janelle,abiotic,"1 deg 20' 19.76"" N","103 deg 52' 27.04"" E",27.2 m Above Sea Level,182.1831284,2026:09:05 13:58:06,,,,"5 sept 2026, 30-33.5C, sin lluvia, despejado (ver species_native_status.md)"
JANELLE_V2_IMG_5828.JPG,Janelle,abiotic,"1 deg 20' 26.10"" N","103 deg 52' 28.52"" E",30.8 m Above Sea Level,197.3098298,2026:09:05 14:20:07,,,,"5 sept 2026, 30-33.5C, sin lluvia, despejado (ver species_native_status.md)"
JANELLE_V2_IMG_5800.JPG,Janelle,abiotic,"1 deg 20' 24.71"" N","103 deg 52' 29.01"" E",27.5 m Above Sea Level,180.3930968,2026:09:05 14:17:02,,,,"5 sept 2026, 30-33.5C, sin lluvia, despejado (ver species_native_status.md)"
JANELLE_V2_IMG_5814.JPG,Janelle,abiotic,"1 deg 20' 25.67"" N","103 deg 52' 28.33"" E",21.1 m Above Sea Level,290.2579042,2026:09:05 14:18:37,,,,"5 sept 2026, 30-33.5C, sin lluvia, despejado (ver species_native_status.md)"
JANELLE_V2_IMG_5801.JPG,Janelle,abiotic,"1 deg 20' 24.70"" N","103 deg 52' 28.99"" E",29.3 m Above Sea Level,177.0350953,2026:09:05 14:17:03,,,,"5 sept 2026, 30-33.5C, sin lluvia, despejado (ver species_native_status.md)"
JANELLE_V2_IMG_5829.JPG,Janelle,abiotic,"1 deg 20' 20.39"" N","103 deg 52' 25.69"" E",22.8 m Above Sea Level,265.5346373,2026:09:05 14:30:42,,,,"5 sept 2026, 30-33.5C, sin lluvia, despejado (ver species_native_status.md)"
JANELLE_V2_IMG_5791.JPG,Janelle,abiotic,"1 deg 20' 24.11"" N","103 deg 52' 28.08"" E",24.5 m Above Sea Level,142.564392,2026:09:05 14:16:04,,,,"5 sept 2026, 30-33.5C, sin lluvia, despejado (ver species_native_status.md)"
DANIELA_IMG_8346.HEIC,Daniela,abiotic,"1 deg 20' 17.41"" N","103 deg 52' 22.56"" E",24.9 m Above Sea Level,37.33820725,2026:09:05 13:55:01,,,,"5 sept 2026, 30-33.5C, sin lluvia, despejado (ver species_native_status.md)"
DANIELA_IMG_8347.HEIC,Daniela,abiotic,"1 deg 20' 17.35"" N","103 deg 52' 22.64"" E",25 m Above Sea Level,73.95864106,2026:09:05 13:55:09,,,,"5 sept 2026, 30-33.5C, sin lluvia, despejado (ver species_native_status.md)"
JANELLE_V2_IMG_5795.JPG,Janelle,abiotic,"1 deg 20' 24.64"" N","103 deg 52' 28.99"" E",20.7 m Above Sea Level,88.12207031,2026:09:05 14:16:44,,,,"5 sept 2026, 30-33.5C, sin lluvia, despejado (ver species_native_status.md)"
JANELLE_V2_IMG_5781.JPG,Janelle,abiotic,"1 deg 20' 23.11"" N","103 deg 52' 28.10"" E",23.7 m Above Sea Level,82.62741087,2026:09:05 14:14:28,,,,"5 sept 2026, 30-33.5C, sin lluvia, despejado (ver species_native_status.md)"
JANELLE_V2_IMG_5728.MOV,Janelle,abiotic,"1 deg 20' 20.04"" N","103 deg 52' 26.40"" E",20.479 m,,2026:09:05 05:52:53,,,,"5 sept 2026, 30-33.5C, sin lluvia, despejado (ver species_native_status.md)"
JANELLE_V2_IMG_5805.JPG,Janelle,abiotic,"1 deg 20' 25.24"" N","103 deg 52' 28.49"" E",27.6 m Above Sea Level,345.3965759,2026:09:05 14:17:35,,,,"5 sept 2026, 30-33.5C, sin lluvia, despejado (ver species_native_status.md)"
JANELLE_V2_IMG_5811.JPG,Janelle,abiotic,"1 deg 20' 25.60"" N","103 deg 52' 28.49"" E",31.6 m Above Sea Level,37.07112883,2026:09:05 14:18:26,,,,"5 sept 2026, 30-33.5C, sin lluvia, despejado (ver species_native_status.md)"
DANIELA_IMG_8351.HEIC,Daniela,abiotic,"1 deg 20' 17.36"" N","103 deg 52' 22.64"" E",23.3 m Above Sea Level,100.7343035,2026:09:05 13:55:55,,,,"5 sept 2026, 30-33.5C, sin lluvia, despejado (ver species_native_status.md)"
DANIELA_IMG_8404.HEIC,Daniela,abiotic,"1 deg 20' 16.73"" N","103 deg 52' 22.31"" E",17.4 m Above Sea Level,40.74915315,2026:09:05 14:29:52,,,,"5 sept 2026, 30-33.5C, sin lluvia, despejado (ver species_native_status.md)"
JANELLE_V2_IMG_5810.JPG,Janelle,abiotic,"1 deg 20' 25.51"" N","103 deg 52' 28.63"" E",31.5 m Above Sea Level,280.9023742,2026:09:05 14:18:16,,,,"5 sept 2026, 30-33.5C, sin lluvia, despejado (ver species_native_status.md)"
JANELLE_V2_IMG_5804.JPG,Janelle,abiotic,"1 deg 20' 25.28"" N","103 deg 52' 28.49"" E",27 m Above Sea Level,343.9726562,2026:09:05 14:17:34,,,,"5 sept 2026, 30-33.5C, sin lluvia, despejado (ver species_native_status.md)"
JANELLE_V2_IMG_5780.JPG,Janelle,abiotic,"1 deg 20' 22.88"" N","103 deg 52' 27.91"" E",23.5 m Above Sea Level,116.2329864,2026:09:05 14:14:12,,,,"5 sept 2026, 30-33.5C, sin lluvia, despejado (ver species_native_status.md)"
JANELLE_V2_IMG_5794.JPG,Janelle,abiotic,"1 deg 20' 24.58"" N","103 deg 52' 29.04"" E",20.3 m Above Sea Level,86.55599975,2026:09:05 14:16:42,,,,"5 sept 2026, 30-33.5C, sin lluvia, despejado (ver species_native_status.md)"
JANELLE_V2_IMG_5782.JPG,Janelle,abiotic,"1 deg 20' 23.11"" N","103 deg 52' 28.13"" E",24.2 m Above Sea Level,82.08322148,2026:09:05 14:14:29,,,,"5 sept 2026, 30-33.5C, sin lluvia, despejado (ver species_native_status.md)"
JANELLE_V2_IMG_5796.JPG,Janelle,abiotic,"1 deg 20' 24.63"" N","103 deg 52' 28.90"" E",23.8 m Above Sea Level,75.25375366,2026:09:05 14:16:45,,,,"5 sept 2026, 30-33.5C, sin lluvia, despejado (ver species_native_status.md)"
JANELLE_V2_IMG_5769.JPG,Janelle,abiotic,"1 deg 20' 21.21"" N","103 deg 52' 27.61"" E",24.8 m Above Sea Level,115.7169952,2026:09:05 14:08:24,,,,"5 sept 2026, 30-33.5C, sin lluvia, despejado (ver species_native_status.md)"
JANELLE_V2_IMG_5812.JPG,Janelle,abiotic,"1 deg 20' 25.61"" N","103 deg 52' 28.35"" E",30.7 m Above Sea Level,257.6324159,2026:09:05 14:18:32,,,,"5 sept 2026, 30-33.5C, sin lluvia, despejado (ver species_native_status.md)"
JANELLE_V2_IMG_5806.JPG,Janelle,abiotic,"1 deg 20' 25.34"" N","103 deg 52' 28.54"" E",31 m Above Sea Level,314.1486512,2026:09:05 14:17:44,,,,"5 sept 2026, 30-33.5C, sin lluvia, despejado (ver species_native_status.md)"
JANELLE_V2_IMG_5807.JPG,Janelle,abiotic,"1 deg 20' 25.51"" N","103 deg 52' 28.54"" E",32.4 m Above Sea Level,279.899811,2026:09:05 14:18:08,,,,"5 sept 2026, 30-33.5C, sin lluvia, despejado (ver species_native_status.md)"
JANELLE_V2_IMG_5813.JPG,Janelle,abiotic,"1 deg 20' 25.69"" N","103 deg 52' 28.27"" E",24.7 m Above Sea Level,193.4134369,2026:09:05 14:18:35,,,,"5 sept 2026, 30-33.5C, sin lluvia, despejado (ver species_native_status.md)"
DANIELA_IMG_8367.HEIC,Daniela,abiotic,"1 deg 20' 18.75"" N","103 deg 52' 25.72"" E",21.4 m Above Sea Level,172.7738952,2026:09:05 14:03:26,,,,"5 sept 2026, 30-33.5C, sin lluvia, despejado (ver species_native_status.md)"
JANELLE_V2_IMG_5740.JPG,Janelle,abiotic,"1 deg 20' 19.92"" N","103 deg 52' 26.45"" E",23.3 m Above Sea Level,80.11923219,2026:09:05 13:55:53,,,,"5 sept 2026, 30-33.5C, sin lluvia, despejado (ver species_native_status.md)"
JANELLE_V2_IMG_5768.JPG,Janelle,abiotic,"1 deg 20' 21.16"" N","103 deg 52' 27.67"" E",19.3 m Above Sea Level,92.71140295,2026:09:05 14:08:22,,,,"5 sept 2026, 30-33.5C, sin lluvia, despejado (ver species_native_status.md)"
DANIELA_IMG_8388.HEIC,Daniela,abiotic,"1 deg 20' 20.56"" N","103 deg 52' 25.17"" E",21.4 m Above Sea Level,173.9234009,2026:09:05 14:14:54,,,,"5 sept 2026, 30-33.5C, sin lluvia, despejado (ver species_native_status.md)"
JANELLE_V2_IMG_5797.JPG,Janelle,abiotic,"1 deg 20' 24.63"" N","103 deg 52' 28.96"" E",24 m Above Sea Level,128.5101928,2026:09:05 14:16:48,,,,"5 sept 2026, 30-33.5C, sin lluvia, despejado (ver species_native_status.md)"
JANELLE_V2_IMG_5783.JPG,Janelle,abiotic,"1 deg 20' 23.17"" N","103 deg 52' 28.10"" E",22.7 m Above Sea Level,136.7756196,2026:09:05 14:14:37,,,,"5 sept 2026, 30-33.5C, sin lluvia, despejado (ver species_native_status.md)"
DANIELA_IMG_8330.HEIC,Daniela,abiotic,"1 deg 20' 22.09"" N","103 deg 52' 25.99"" E",34.8 m Above Sea Level,73.92411038,2026:09:05 11:11:29,,,,"5 sept 2026, 30-33.5C, sin lluvia, despejado (ver species_native_status.md)"
JANELLE_V1_IMG_5707.JPG,Janelle,abiotic,"1 deg 20' 23.78"" N","103 deg 52' 23.27"" E",20.1 m Above Sea Level,56.80516817,2026:09:05 11:25:24,,,,"5 sept 2026, 30-33.5C, sin lluvia, despejado (ver species_native_status.md)"
JANELLE_V1_IMG_5713.JPG,Janelle,abiotic,"1 deg 20' 27.85"" N","103 deg 52' 28.00"" E",30.8 m Above Sea Level,128.9796143,2026:09:05 11:31:54,,,,"5 sept 2026, 30-33.5C, sin lluvia, despejado (ver species_native_status.md)"
JANELLE_V2_IMG_5733.JPG,Janelle,abiotic,"1 deg 20' 19.96"" N","103 deg 52' 26.59"" E",31.6 m Above Sea Level,5.492533211,2026:09:05 13:54:19,,,,"5 sept 2026, 30-33.5C, sin lluvia, despejado (ver species_native_status.md)"
DANIELA_IMG_8403.HEIC,Daniela,abiotic,"1 deg 20' 16.75"" N","103 deg 52' 22.34"" E",16 m Above Sea Level,41.75435638,2026:09:05 14:29:48,,,,"5 sept 2026, 30-33.5C, sin lluvia, despejado (ver species_native_status.md)"
JANELLE_V1_IMG_5673.JPG,Janelle,abiotic,"1 deg 20' 19.07"" N","103 deg 52' 26.54"" E",20.1 m Above Sea Level,271.3925477,2026:09:05 10:50:16,,,,"5 sept 2026, 30-33.5C, sin lluvia, despejado (ver species_native_status.md)"
JANELLE_V1_IMG_5667.JPG,Janelle,abiotic,"1 deg 20' 21.05"" N","103 deg 52' 23.21"" E",19.2 m Above Sea Level,222.5473785,2026:09:05 10:47:01,,,,"5 sept 2026, 30-33.5C, sin lluvia, despejado (ver species_native_status.md)"
DANIELA_IMG_8356.HEIC,Daniela,abiotic,"1 deg 20' 16.62"" N","103 deg 52' 22.86"" E",24.8 m Above Sea Level,86.03865051,2026:09:05 13:58:12,,,,"5 sept 2026, 30-33.5C, sin lluvia, despejado (ver species_native_status.md)"
JANELLE_V1_IMG_5672.JPG,Janelle,abiotic,"1 deg 20' 19.07"" N","103 deg 52' 24.92"" E",21.7 m Above Sea Level,273.195099,2026:09:05 10:50:13,,,,"5 sept 2026, 30-33.5C, sin lluvia, despejado (ver species_native_status.md)"
JANELLE_V2_IMG_5732.JPG,Janelle,abiotic,"1 deg 20' 19.96"" N","103 deg 52' 26.68"" E",35.8 m Above Sea Level,21.31015395,2026:09:05 13:53:52,,,,"5 sept 2026, 30-33.5C, sin lluvia, despejado (ver species_native_status.md)"
DANIELA_IMG_8317.HEIC,Daniela,abiotic,"1 deg 20' 18.58"" N","103 deg 52' 26.62"" E",21.4 m Above Sea Level,257.6630859,2026:09:05 10:52:00,,,,"5 sept 2026, 30-33.5C, sin lluvia, despejado (ver species_native_status.md)"
JANELLE_V2_IMG_5726.JPG,Janelle,abiotic,"1 deg 20' 19.66"" N","103 deg 52' 26.29"" E",23.2 m Above Sea Level,207.0494081,2026:09:05 13:52:11,,,,"5 sept 2026, 30-33.5C, sin lluvia, despejado (ver species_native_status.md)"
JANELLE_V1_IMG_5712.JPG,Janelle,abiotic,"1 deg 20' 26.25"" N","103 deg 52' 28.00"" E",19.8 m Above Sea Level,105.0675964,2026:09:05 11:31:24,,,,"5 sept 2026, 30-33.5C, sin lluvia, despejado (ver species_native_status.md)"
JANELLE_V1_IMG_5706.JPG,Janelle,abiotic,"1 deg 20' 23.78"" N","103 deg 52' 23.27"" E",20.1 m Above Sea Level,58.09503941,2026:09:05 11:25:23,,,,"5 sept 2026, 30-33.5C, sin lluvia, despejado (ver species_native_status.md)"
JANELLE_V1_IMG_5710.JPG,Janelle,abiotic,"1 deg 20' 24.97"" N","103 deg 52' 25.22"" E",22.7 m Above Sea Level,253.948654,2026:09:05 11:26:47,,,,"5 sept 2026, 30-33.5C, sin lluvia, despejado (ver species_native_status.md)"
DANIELA_IMG_8337.HEIC,Daniela,abiotic,"1 deg 20' 25.89"" N","103 deg 52' 28.60"" E",31.7 m Above Sea Level,69.29476923,2026:09:05 11:39:37,,,,"5 sept 2026, 30-33.5C, sin lluvia, despejado (ver species_native_status.md)"
JANELLE_V2_IMG_5730.JPG,Janelle,abiotic,"1 deg 20' 19.89"" N","103 deg 52' 26.38"" E",26.3 m Above Sea Level,56.41714479,2026:09:05 13:53:22,,,,"5 sept 2026, 30-33.5C, sin lluvia, despejado (ver species_native_status.md)"
DANIELA_IMG_8360.HEIC,Daniela,abiotic,"1 deg 20' 17.51"" N","103 deg 52' 26.76"" E",24.6 m Above Sea Level,276.4363709,2026:09:05 14:01:25,,,,"5 sept 2026, 30-33.5C, sin lluvia, despejado (ver species_native_status.md)"
JANELLE_V2_IMG_5724.JPG,Janelle,abiotic,"1 deg 20' 20.37"" N","103 deg 52' 25.33"" E",22.8 m Above Sea Level,212.7676849,2026:09:05 13:52:00,,,,"5 sept 2026, 30-33.5C, sin lluvia, despejado (ver species_native_status.md)"
DANIELA_IMG_8321.HEIC,Daniela,abiotic,"1 deg 20' 19.12"" N","103 deg 52' 27.06"" E",20 m Above Sea Level,231.2637178,2026:09:05 11:03:40,,,,"5 sept 2026, 30-33.5C, sin lluvia, despejado (ver species_native_status.md)"
JANELLE_V2_IMG_5725.JPG,Janelle,abiotic,"1 deg 20' 19.55"" N","103 deg 52' 26.15"" E",25.1 m Above Sea Level,208.101425,2026:09:05 13:52:05,,,,"5 sept 2026, 30-33.5C, sin lluvia, despejado (ver species_native_status.md)"
JANELLE_V2_IMG_5731.JPG,Janelle,abiotic,"1 deg 20' 19.88"" N","103 deg 52' 26.35"" E",26 m Above Sea Level,57.25625227,2026:09:05 13:53:23,,,,"5 sept 2026, 30-33.5C, sin lluvia, despejado (ver species_native_status.md)"
JANELLE_V1_IMG_5705.JPG,Janelle,abiotic,"1 deg 20' 23.42"" N","103 deg 52' 24.97"" E",22.2 m Above Sea Level,187.384033,2026:09:05 11:20:57,,,,"5 sept 2026, 30-33.5C, sin lluvia, despejado (ver species_native_status.md)"
JANELLE_V1_IMG_5711.JPG,Janelle,abiotic,"1 deg 20' 26.81"" N","103 deg 52' 23.57"" E",30.3 m Above Sea Level,119.6979446,2026:09:05 11:31:22,,,,"5 sept 2026, 30-33.5C, sin lluvia, despejado (ver species_native_status.md)"
JANELLE_V1_IMG_5715.JPG,Janelle,abiotic,"1 deg 20' 26.26"" N","103 deg 52' 28.43"" E",27.2 m Above Sea Level,134.0832672,2026:09:05 11:31:58,,,,"5 sept 2026, 30-33.5C, sin lluvia, despejado (ver species_native_status.md)"
JANELLE_V2_IMG_5735.JPG,Janelle,abiotic,"1 deg 20' 19.88"" N","103 deg 52' 26.59"" E",31.6 m Above Sea Level,48.81257631,2026:09:05 13:54:33,,,,"5 sept 2026, 30-33.5C, sin lluvia, despejado (ver species_native_status.md)"
JANELLE_V1_IMG_5675.JPG,Janelle,abiotic,"1 deg 20' 18.72"" N","103 deg 52' 25.66"" E",20.7 m Above Sea Level,236.0453642,2026:09:05 10:52:32,,,,"5 sept 2026, 30-33.5C, sin lluvia, despejado (ver species_native_status.md)"
JANELLE_V1_IMG_5649.JPG,Janelle,abiotic,"1 deg 20' 17.63"" N","103 deg 52' 22.88"" E",16.6 m Above Sea Level,19.01114847,2026:09:05 10:32:07,,,,"5 sept 2026, 30-33.5C, sin lluvia, despejado (ver species_native_status.md)"
JANELLE_V1_IMG_5648.JPG,Janelle,abiotic,"1 deg 20' 17.09"" N","103 deg 52' 23.30"" E",17.7 m Above Sea Level,20.54696466,2026:09:05 10:32:04,,,,"5 sept 2026, 30-33.5C, sin lluvia, despejado (ver species_native_status.md)"
JANELLE_V1_IMG_5674.JPG,Janelle,abiotic,"1 deg 20' 19.06"" N","103 deg 52' 25.66"" E",18.5 m Above Sea Level,275.4252014,2026:09:05 10:50:19,,,,"5 sept 2026, 30-33.5C, sin lluvia, despejado (ver species_native_status.md)"
JANELLE_V1_IMG_5660.JPG,Janelle,abiotic,"1 deg 20' 20.60"" N","103 deg 52' 25.19"" E",10.3 m Above Sea Level,0.2170518636,2026:09:05 10:44:29,,,,"5 sept 2026, 30-33.5C, sin lluvia, despejado (ver species_native_status.md)"
JANELLE_V2_IMG_5734.JPG,Janelle,abiotic,"1 deg 20' 19.95"" N","103 deg 52' 26.81"" E",30.2 m Above Sea Level,341.8166811,2026:09:05 13:54:25,,,,"5 sept 2026, 30-33.5C, sin lluvia, despejado (ver species_native_status.md)"
DANIELA_IMG_8361.HEIC,Daniela,abiotic,"1 deg 20' 17.90"" N","103 deg 52' 26.70"" E",23.6 m Above Sea Level,267.408661,2026:09:05 14:01:47,,,,"5 sept 2026, 30-33.5C, sin lluvia, despejado (ver species_native_status.md)"
JANELLE_V1_IMG_5714.JPG,Janelle,abiotic,"1 deg 20' 26.15"" N","103 deg 52' 28.40"" E",19.6 m Above Sea Level,132.187996,2026:09:05 11:31:57,,,,"5 sept 2026, 30-33.5C, sin lluvia, despejado (ver species_native_status.md)"
JANELLE_V1_IMG_5716.JPG,Janelle,abiotic,"1 deg 20' 26.22"" N","103 deg 52' 28.46"" E",26.8 m Above Sea Level,128.9662666,2026:09:05 11:32:00,,,,"5 sept 2026, 30-33.5C, sin lluvia, despejado (ver species_native_status.md)"
DANIELA_IMG_8316.HEIC,Daniela,abiotic,"1 deg 20' 18.65"" N","103 deg 52' 26.65"" E",19 m Above Sea Level,88.80947867,2026:09:05 10:51:50,,,,"5 sept 2026, 30-33.5C, sin lluvia, despejado (ver species_native_status.md)"
JANELLE_V2_IMG_5736.JPG,Janelle,abiotic,"1 deg 20' 19.93"" N","103 deg 52' 26.73"" E",30.8 m Above Sea Level,82.57683561,2026:09:05 13:55:04,,,,"5 sept 2026, 30-33.5C, sin lluvia, despejado (ver species_native_status.md)"
JANELLE_V1_IMG_5662.JPG,Janelle,abiotic,"1 deg 20' 19.88"" N","103 deg 52' 25.49"" E",7 m Above Sea Level,74.02413947,2026:09:05 10:45:33,,,,"5 sept 2026, 30-33.5C, sin lluvia, despejado (ver species_native_status.md)"
JANELLE_V1_IMG_5689.JPG,Janelle,abiotic,"1 deg 20' 19.71"" N","103 deg 52' 26.26"" E",22.7 m Above Sea Level,38.23907471,2026:09:05 11:04:31,,,,"5 sept 2026, 30-33.5C, sin lluvia, despejado (ver species_native_status.md)"
DANIELA_IMG_8357.HEIC,Daniela,abiotic,"1 deg 20' 16.36"" N","103 deg 52' 24.07"" E",23.9 m Above Sea Level,16.21009444,2026:09:05 13:58:58,,,,"5 sept 2026, 30-33.5C, sin lluvia, despejado (ver species_native_status.md)"
JANELLE_V1_IMG_5688.JPG,Janelle,abiotic,"1 deg 20' 19.72"" N","103 deg 52' 26.35"" E",23.8 m Above Sea Level,43.28186418,2026:09:05 11:04:27,,,,"5 sept 2026, 30-33.5C, sin lluvia, despejado (ver species_native_status.md)"
JANELLE_V1_IMG_5663.JPG,Janelle,abiotic,"1 deg 20' 19.90"" N","103 deg 52' 25.49"" E",6.7 m Above Sea Level,77.22332762,2026:09:05 10:45:36,,,,"5 sept 2026, 30-33.5C, sin lluvia, despejado (ver species_native_status.md)"
DANIELA_IMG_8394.HEIC,Daniela,abiotic,"1 deg 20' 18.85"" N","103 deg 52' 25.50"" E",25.4 m Above Sea Level,251.668701,2026:09:05 14:16:38,,,,"5 sept 2026, 30-33.5C, sin lluvia, despejado (ver species_native_status.md)"
JANELLE_V2_IMG_5737.JPG,Janelle,abiotic,"1 deg 20' 19.87"" N","103 deg 52' 26.76"" E",31.8 m Above Sea Level,85.50525665,2026:09:05 13:55:05,,,,"5 sept 2026, 30-33.5C, sin lluvia, despejado (ver species_native_status.md)"
DANIELA_IMG_8414.HEIC,Daniela,abiotic,"1 deg 20' 19.67"" N","103 deg 52' 22.03"" E",21 m Above Sea Level,137.9637908,2026:09:05 14:40:30,,,,"5 sept 2026, 30-33.5C, sin lluvia, despejado (ver species_native_status.md)"
JANELLE_V1_IMG_5717.JPG,Janelle,abiotic,"1 deg 20' 26.09"" N","103 deg 52' 28.35"" E",31.4 m Above Sea Level,253.7564544,2026:09:05 11:40:10,,,,"5 sept 2026, 30-33.5C, sin lluvia, despejado (ver species_native_status.md)"
JANELLE_V1_IMG_5703.JPG,Janelle,abiotic,"1 deg 20' 23.42"" N","103 deg 52' 24.67"" E",20.4 m Above Sea Level,118.2045518,2026:09:05 11:20:40,,,,"5 sept 2026, 30-33.5C, sin lluvia, despejado (ver species_native_status.md)"
DANIELA_IMG_8354.HEIC,Daniela,human,"1 deg 20' 17.24"" N","103 deg 52' 22.50"" E",21.5 m Above Sea Level,106.2066344,2026:09:05 13:56:16,,,,"5 sept 2026, 30-33.5C, sin lluvia, despejado (ver species_native_status.md)"
JANELLE_V1_IMG_5691.JPG,Janelle,human,"1 deg 20' 19.06"" N","103 deg 52' 24.89"" E",21.8 m Above Sea Level,236.3230743,2026:09:05 11:06:15,,,,"5 sept 2026, 30-33.5C, sin lluvia, despejado (ver species_native_status.md)"
JANELLE_V1_IMG_5690.JPG,Janelle,human,"1 deg 20' 19.06"" N","103 deg 52' 24.89"" E",21.8 m Above Sea Level,234.2523191,2026:09:05 11:06:14,,,,"5 sept 2026, 30-33.5C, sin lluvia, despejado (ver species_native_status.md)"
JANELLE_V1_IMG_5720.JPG,Janelle,human,"1 deg 20' 25.64"" N","103 deg 52' 28.43"" E",33.3 m Above Sea Level,34.6655731,2026:09:05 11:43:10,,,,"5 sept 2026, 30-33.5C, sin lluvia, despejado (ver species_native_status.md)"
JANELLE_V1_IMG_5708.JPG,Janelle,human,"1 deg 20' 25.12"" N","103 deg 52' 24.86"" E",21.1 m Above Sea Level,291.707428,2026:09:05 11:25:26,,,,"5 sept 2026, 30-33.5C, sin lluvia, despejado (ver species_native_status.md)"
JANELLE_V1_IMG_5640.JPG,Janelle,human,"1 deg 20' 17.20"" N","103 deg 52' 22.64"" E",13.1 m Above Sea Level,24.36032106,2026:09:05 10:28:33,,,,"5 sept 2026, 30-33.5C, sin lluvia, despejado (ver species_native_status.md)"
JANELLE_V1_IMG_5721.JPG,Janelle,human,"1 deg 20' 25.63"" N","103 deg 52' 28.46"" E",32.3 m Above Sea Level,45.90164188,2026:09:05 11:43:13,,,,"5 sept 2026, 30-33.5C, sin lluvia, despejado (ver species_native_status.md)"
JANELLE_V1_IMG_5694.JPG,Janelle,human,"1 deg 20' 19.93"" N","103 deg 52' 26.13"" E",23.7 m Above Sea Level,36.75652693,2026:09:05 11:06:24,,,,"5 sept 2026, 30-33.5C, sin lluvia, despejado (ver species_native_status.md)"
DANIELA_IMG_8352.HEIC,Daniela,human,"1 deg 20' 17.35"" N","103 deg 52' 22.61"" E",23.2 m Above Sea Level,131.1429139,2026:09:05 13:56:01,,,,"5 sept 2026, 30-33.5C, sin lluvia, despejado (ver species_native_status.md)"
DANIELA_IMG_8369.HEIC,Daniela,human,"1 deg 20' 18.81"" N","103 deg 52' 25.66"" E",23.2 m Above Sea Level,197.162384,2026:09:05 14:03:41,,,,"5 sept 2026, 30-33.5C, sin lluvia, despejado (ver species_native_status.md)"
DANIELA_IMG_8406.HEIC,Daniela,human,"1 deg 20' 16.50"" N","103 deg 52' 24.09"" E",19 m Above Sea Level,69.76499938,2026:09:05 14:31:35,,,,"5 sept 2026, 30-33.5C, sin lluvia, despejado (ver species_native_status.md)"
JANELLE_V1_IMG_5637.JPG,Janelle,human,"1 deg 20' 16.57"" N","103 deg 52' 22.39"" E",21.8 m Above Sea Level,40.83336263,2026:09:05 10:28:04,,,,"5 sept 2026, 30-33.5C, sin lluvia, despejado (ver species_native_status.md)"
JANELLE_V1_IMG_5702.MOV,Janelle,human,"1 deg 20' 21.84"" N","103 deg 52' 26.40"" E",22.509 m,,2026:09:05 03:18:19,,,,"5 sept 2026, 30-33.5C, sin lluvia, despejado (ver species_native_status.md)"
JANELLE_V1_IMG_5638.JPG,Janelle,human,"1 deg 20' 17.09"" N","103 deg 52' 22.25"" E",26.3 m Above Sea Level,41.08364106,2026:09:05 10:28:04,,,,"5 sept 2026, 30-33.5C, sin lluvia, despejado (ver species_native_status.md)"
JANELLE_V1_IMG_5639.JPG,Janelle,human,"1 deg 20' 17.09"" N","103 deg 52' 22.25"" E",26.3 m Above Sea Level,45.17693709,2026:09:05 10:28:04,,,,"5 sept 2026, 30-33.5C, sin lluvia, despejado (ver species_native_status.md)"
DANIELA_IMG_8393.HEIC,Daniela,human,"1 deg 20' 18.83"" N","103 deg 52' 25.58"" E",26.4 m Above Sea Level,212.2260742,2026:09:05 14:16:30,,,,"5 sept 2026, 30-33.5C, sin lluvia, despejado (ver species_native_status.md)"
JANELLE_V1_IMG_5696.MOV,Janelle,human,"1 deg 20' 21.48"" N","103 deg 52' 25.68"" E",35.675 m,,2026:09:05 03:09:35,,,,"5 sept 2026, 30-33.5C, sin lluvia, despejado (ver species_native_status.md)"
DANIELA_IMG_8392.HEIC,Daniela,human,"1 deg 20' 18.82"" N","103 deg 52' 25.58"" E",25.5 m Above Sea Level,193.1989746,2026:09:05 14:16:26,,,,"5 sept 2026, 30-33.5C, sin lluvia, despejado (ver species_native_status.md)"
DANIELA_IMG_8415.HEIC,Daniela,human,"1 deg 20' 19.65"" N","103 deg 52' 22.03"" E",22.5 m Above Sea Level,181.5150451,2026:09:05 14:40:33,,,,"5 sept 2026, 30-33.5C, sin lluvia, despejado (ver species_native_status.md)"
DANIELA_IMG_8399.HEIC,Daniela,human,"1 deg 20' 19.55"" N","103 deg 52' 22.09"" E",27.3 m Above Sea Level,47.01211164,2026:09:05 14:24:13,,,,"5 sept 2026, 30-33.5C, sin lluvia, despejado (ver species_native_status.md)"
DANIELA_IMG_8398.HEIC,Daniela,human,"1 deg 20' 19.56"" N","103 deg 52' 22.09"" E",25.6 m Above Sea Level,41.22720721,2026:09:05 14:24:11,,,,"5 sept 2026, 30-33.5C, sin lluvia, despejado (ver species_native_status.md)"
DANIELA_c11fbb52.JPG,Daniela,other,,,,,2026:09:05 14:09:36,,,,"5 sept 2026, 30-33.5C, sin lluvia, despejado (ver species_native_status.md)"
JANELLE_V1_IMG_5651.JPG,Janelle,other,"1 deg 20' 17.36"" N","103 deg 52' 22.55"" E",13 m Above Sea Level,44.25185775,2026:09:05 10:32:12,,,,"5 sept 2026, 30-33.5C, sin lluvia, despejado (ver species_native_status.md)"
JANELLE_V1_IMG_5697.JPG,Janelle,other,"1 deg 20' 20.36"" N","103 deg 52' 23.14"" E",25.1 m Above Sea Level,73.4070969,2026:09:05 11:11:16,,,,"5 sept 2026, 30-33.5C, sin lluvia, despejado (ver species_native_status.md)"
JANELLE_V1_IMG_5641.JPG,Janelle,other,"1 deg 20' 17.23"" N","103 deg 52' 22.64"" E",13.1 m Above Sea Level,41.70758056,2026:09:05 10:28:37,,,,"5 sept 2026, 30-33.5C, sin lluvia, despejado (ver species_native_status.md)"
JANELLE_V1_IMG_5631.JPG,Janelle,other,"1 deg 20' 19.64"" N","103 deg 52' 22.34"" E",17.1 m Above Sea Level,93.53493014,2026:09:05 09:35:09,,,,"5 sept 2026, 30-33.5C, sin lluvia, despejado (ver species_native_status.md)"
JANELLE_V1_IMG_5630.JPG,Janelle,other,"1 deg 20' 19.61"" N","103 deg 52' 22.34"" E",17.4 m Above Sea Level,96.23689802,2026:09:05 09:35:08,,,,"5 sept 2026, 30-33.5C, sin lluvia, despejado (ver species_native_status.md)"
JANELLE_V2_IMG_5837.JPG,Janelle,other,"1 deg 20' 20.50"" N","103 deg 52' 25.19"" E",22.6 m Above Sea Level,185.0097504,2026:09:05 14:31:06,,,,"5 sept 2026, 30-33.5C, sin lluvia, despejado (ver species_native_status.md)"
JANELLE_V1_IMG_5633.JPG,Janelle,other,"1 deg 20' 19.65"" N","103 deg 52' 22.34"" E",15.2 m Above Sea Level,105.1199875,2026:09:05 09:35:57,,,,"5 sept 2026, 30-33.5C, sin lluvia, despejado (ver species_native_status.md)"
JANELLE_V1_IMG_5627.JPG,Janelle,other,"1 deg 20' 18.32"" N","103 deg 52' 23.68"" E",20.2 m Above Sea Level,86.6754761,2026:09:05 09:34:54,,,,"5 sept 2026, 30-33.5C, sin lluvia, despejado (ver species_native_status.md)"
JANELLE_V2_IMG_5788.JPG,Janelle,other,"1 deg 20' 23.83"" N","103 deg 52' 27.37"" E",36.3 m Above Sea Level,338.7298277,2026:09:05 14:15:30,,,,"5 sept 2026, 30-33.5C, sin lluvia, despejado (ver species_native_status.md)"
JANELLE_V2_IMG_5777.JPG,Janelle,other,"1 deg 20' 22.28"" N","103 deg 52' 28.63"" E",33.3 m Above Sea Level,33.12589262,2026:09:05 14:12:09,,,,"5 sept 2026, 30-33.5C, sin lluvia, despejado (ver species_native_status.md)"
JANELLE_V1_IMG_5636.JPG,Janelle,other,"1 deg 20' 19.79"" N","103 deg 52' 22.39"" E",19.9 m Above Sea Level,157.5848694,2026:09:05 09:36:36,,,,"5 sept 2026, 30-33.5C, sin lluvia, despejado (ver species_native_status.md)"
JANELLE_V1_IMG_5634.JPG,Janelle,other,"1 deg 20' 19.54"" N","103 deg 52' 22.36"" E",17.1 m Above Sea Level,103.5984802,2026:09:05 09:35:59,,,,"5 sept 2026, 30-33.5C, sin lluvia, despejado (ver species_native_status.md)"
JANELLE_V1_IMG_5635.JPG,Janelle,other,"1 deg 20' 19.76"" N","103 deg 52' 22.31"" E",20.7 m Above Sea Level,148.9000245,2026:09:05 09:36:34,,,,"5 sept 2026, 30-33.5C, sin lluvia, despejado (ver species_native_status.md)"
JANELLE_V2_IMG_5787.JPG,Janelle,other,"1 deg 20' 23.48"" N","103 deg 52' 28.27"" E",21.7 m Above Sea Level,342.6300353,2026:09:05 14:15:26,,,,"5 sept 2026, 30-33.5C, sin lluvia, despejado (ver species_native_status.md)"
JANELLE_V2_IMG_5816.JPG,Janelle,other,"1 deg 20' 25.72"" N","103 deg 52' 28.30"" E",24.3 m Above Sea Level,16.39070892,2026:09:05 14:18:52,,,,"5 sept 2026, 30-33.5C, sin lluvia, despejado (ver species_native_status.md)"
JANELLE_V2_IMG_5815.JPG,Janelle,other,"1 deg 20' 25.69"" N","103 deg 52' 28.30"" E",24.5 m Above Sea Level,63.1210823,2026:09:05 14:18:46,,,,"5 sept 2026, 30-33.5C, sin lluvia, despejado (ver species_native_status.md)"
DANIELA_IMG_8311.HEIC,Daniela,other,"1 deg 20' 16.96"" N","103 deg 52' 21.84"" E",20.2 m Below Sea Level,64.72246548,2026:09:05 10:27:36,,,,"5 sept 2026, 30-33.5C, sin lluvia, despejado (ver species_native_status.md)"
JANELLE_V2_IMG_5838.JPG,Janelle,other,"1 deg 20' 21.67"" N","103 deg 52' 25.82"" E",19.4 m Above Sea Level,166.9627989,2026:09:05 14:31:10,,,,"5 sept 2026, 30-33.5C, sin lluvia, despejado (ver species_native_status.md)"
JANELLE_V1_IMG_5629.JPG,Janelle,other,"1 deg 20' 19.55"" N","103 deg 52' 22.34"" E",19.9 m Above Sea Level,101.9880095,2026:09:05 09:35:04,,,,"5 sept 2026, 30-33.5C, sin lluvia, despejado (ver species_native_status.md)"
JANELLE_V1_IMG_5628.JPG,Janelle,other,"1 deg 20' 19.40"" N","103 deg 52' 22.23"" E",28 m Above Sea Level,93.7771209,2026:09:05 09:34:58,,,,"5 sept 2026, 30-33.5C, sin lluvia, despejado (ver species_native_status.md)"
JANELLE_V1_IMG_5698.JPG,Janelle,other,"1 deg 20' 22.34"" N","103 deg 52' 26.29"" E",23.1 m Above Sea Level,53.70446399,2026:09:05 11:12:29,,,,"5 sept 2026, 30-33.5C, sin lluvia, despejado (ver species_native_status.md)"
DANIELA_99cefd70.JPG,Daniela,other,,,,,2026:09:05 14:09:36,,,,"5 sept 2026, 30-33.5C, sin lluvia, despejado (ver species_native_status.md)"
JANELLE_V1_IMG_5676.JPG,Janelle,other,"1 deg 20' 18.68"" N","103 deg 52' 26.07"" E",20.9 m Above Sea Level,232.8078613,2026:09:05 10:52:34,,,,"5 sept 2026, 30-33.5C, sin lluvia, despejado (ver species_native_status.md)"
JANELLE_V1_IMG_5677.JPG,Janelle,other,"1 deg 20' 18.76"" N","103 deg 52' 26.21"" E",14.8 m Above Sea Level,230.0858765,2026:09:05 10:52:36,,,,"5 sept 2026, 30-33.5C, sin lluvia, despejado (ver species_native_status.md)"
